submit_time,start_time
11.32321525808934,11.64359157519501
37.32288735346955,44.286231430039024
67.43326059149227,67.70765734733546
89.48155332626307,95.85683729984274
118.40107705928793,119.38081874460623
143.74570502848076,145.53103609289758
168.61963076796167,170.10085720457255
191.77886766828715,196.34023367002794
218.89452897146532,224.67384722787565
246.210829525773,251.11307095034712
275.3109655235588,276.21036785357194
299.50627296679215,299.629617645776
322.86159296277737,323.7416138946801
345.39852836726004,348.1507793268095
371.98934300745833,377.76667892402236
399.60468947356765,399.98117865115984
421.66904033214433,429.00198298578823
451.1337402451571,455.130752831882
478.05593422073696,479.6598419301505
500.7074698560233,504.6329054518863
502.8364939712742,527.2458285971804
549.1916281863375,549.9431620971811
571.2882582084787,574.1253508258467
595.1473177600508,596.4694447875229
620.8074751258102,629.0993209888576
651.3293851425288,655.3176372628373
676.9617663006943,680.6141880781695
703.2607439787432,709.2687061556296
730.8044560678916,735.8284797755119
756.9958136168358,757.1482438179755
778.0458535286689,781.8718596854642
804.3239265838101,805.0300239637687
826.3189438894584,830.1295900540653
853.6386702256503,854.8746013497359
876.4903564309127,885.2848265608213
907.7333960970304,910.63148405239
932.1035342423619,937.100094374155
958.7968147358646,959.4979616663901
982.1467076800315,983.7204283845213
1004.8912362229612,1009.070559960699
1029.687720280981,1032.0807050821747
1053.2156373617615,1056.7838355790666
1079.291864801555,1090.9967241487427
1113.7369060716553,1119.1266468527356
1140.311819648985,1141.8672306244528
1163.7372920220052,1166.0487291092709
1187.0973970169857,1189.4663498269645
1212.98414682022,1218.7022542537488
1241.4750539840497,1243.2096824737575
1265.1774752231624,1274.550798093246
1274.2080393598465,1296.5075179685816
1319.3248061289057,1319.5261261628407
1343.7859866784352,1345.577366549723
1366.9239427635596,1371.0786696106793
1370.666191082435,1391.9455822140576
1413.642976823509,1416.1150938776336
1437.833980729898,1440.4019398011592
1439.7781832749677,1464.4432205476191
1487.8205901898768,1488.471753177798
1510.2851613141659,1512.453272708484
1533.9485277019228,1536.6797433062843
1559.1375725432686,1561.5239076177093
1582.7077657739135,1584.878264446695
1607.8002710537507,1610.0045558795553
1631.4516493663411,1631.5032256599318
1652.5300014968764,1655.1159611552393
1676.416174969021,1680.0941783028375
1702.0317045288812,1716.5475680481848
1737.5990643155035,1738.7378262485975
1761.5131427254194,1763.2542084237045
1785.8330124398178,1790.1940852224009
1811.7031749307291,1814.6731708469167
1836.1151488246694,1836.9705880100062
1858.5592022353937,1864.7291666489177
1885.6702040653759,1891.6333126516229
1914.5823196859246,1917.1555131473192
1938.9299288787493,1941.960938711785
1965.677367945336,1967.7352034849735
1991.0102517408939,1994.352238349871
2017.2901889609855,2019.6314045286585
2041.1594754553248,2045.6381334692821
2068.399641695677,2077.8244009486766
2099.7454944125743,2100.8761695652934
2123.309196594331,2125.438916240337
2148.8570304256705,2150.506160973194
2172.300904749515,2173.1889063265207
2195.5898696329477,2197.692749023112
2219.0748195644937,2225.693385399146
2246.832568681998,2247.464496818207
2269.7885079056246,2275.5471405237913
2296.7186133116484,2299.097256257181
2322.436543776636,2324.6241189844695
2346.926984966525,2351.03761878795
2372.924045952028,2377.359939040942
2401.1675760171843,2401.9325377088026
2422.6286534409955,2434.1721651542903
2455.9269537914515,2456.618020676619
2477.3924399843277,2477.9864512432578
2499.016407822466,2499.27185220925
2522.3747083684602,2522.3747083684602
